"Anton Zako Çajupi","Fillore","Nëntë Jugoviqët","10000","42.721944","21.136111","1931e"
"Dituria","Fillore","Shkabaj","10000","42.6725","21.1241667","1928e"
"Shkëndija","Fillore","Hajvali","10000","42.6180574","21.180828","1927e"
"Mitrush Kuteli","Fillore","Matiçan","10000","42.6452781","21.1933329","1926e"
"Fetah Qerimi","Fillore","Verbicë e Zhegovcit","60000","42.541667","21.318889","0442d"
"Bajram Curri","Fillore","Shurdhan","60000","42.3041668","21.5463888","0438d"
"Sveti Sava","Fillore","Ponesh","60000","42.4902779","21.3738888","0420d"
"Shtëpia e Kulturës","Qender","Partesh","60000","42.4019445","21.433611","0413d"
"Deshmoret e Kombit","Fillore","Livoç i Poshtëm","60000","42.4311112","21.4530555","0430d"
"Shtepi Private","Qender","Livoç i Epërm","60000","42.4568772","21.4311328","0434d"
"Musa Zajmi","Fillore","Gjilan","60000",,,"0402x"
"Branko Redicevic","Fillore","Cernicë","60000","42.4255557","21.4197222","0422d"
"Dositej Obradovic","Fillore","Budrige e Poshtme","60000","42.4097223","21.4549999","0414d"
"Meto Bajraktari","Fillore","Baholli","10000","42.6666818","21.1593015","1925e"
"Meto Bajraktari","Fillore","Baholli","10000","42.6666818","21.1593015","1924e"
"Hoxhë Kadri Prishtina","Mesme Ekonomike","Dardania","10000","42.6491383","21.1404245","1923e"
"Emin Duraku","Fillore","Xhamia e Llapit","10000","42.6710771","21.163895","1922e"
"Nazim Gafurri","Fillore","Kodra e Trimave","10000","42.6756817","21.17168","1921x"
"Asim Vokshi","Mesme","Kodra e Trimave","10000","42.6754651","21.1640014","1921e"
"Nazim Gafurri","Fillore","Kodra e Trimave","10000","42.6756817","21.17168","1920x"
"Zenel Hajdini","Fillore","Kodra e Trimave","10000","42.6778816","21.1675287","1920e"
"Pjetër Bogdani","Fillore","Katër Llullat","10000","42.6696857","21.1687015","1919x"
"28 Nëntori","Mesme","Katër Llullat","10000","42.6678547","21.1685444","1919e"
"Gjin Gazulli","Mesme","Tauk Bahqe","10000","42.6696652","21.1906496","1918e"
"Elena Gjika","Fillore","Katër Llullat","10000","42.665549","21.1680188","1916e"
"Iliria","Fillore","Bregu i Diellit II","10000","42.6588355","21.1800514","1915e"
"Naim Frashëri","Fillore","Mahalla e Muhagjerëve","10000","42.6594104","21.167022","1914e"
"Fakulteti Ekonomik-Juridik","Arsimi i lart","Qendër","10000","42.659485","21.163718","1913e"
"Salla e Sporteve","Qender","Bregu i Diellit","10000","42.6541464","21.1670241","1912e"
"Ismajl Qemali","Fillore","Bregu i Diellit","10000","42.6512689","21.169663","1911e"
"Ali Sokoli","Mesme","Lagja e Spitalit","10000","42.646348","21.1580034","1910e"
"Naim Frashëri","Fillore","Mahalla e Muhagjerëve","10000","42.6594104","21.167022","1901e"
"Sami Frashëri","Mesme","Katër Llullat","10000","42.6669052","21.1677296","1902e"
"Faik Konica","Fillore","Lagja Pejton","10000","42.6577584","21.159497","1903e"
"Dardania","Fillore","Dardania","10000","42.6505038","21.1537994","1904e"
"Fakulteti Filologjik","Arsimi i larte","Qendër","10000","42.6563235","21.1615363","1906e"
"Fakulteti Teknik","Arsimi i larte","Bregu i Diellit","10000","42.64858","21.16664","1907e"
"Fakulteti Teknik","Arsimi i larte","Bregu i Diellit","10000","42.64858","21.16664","1908e"
"Hasan Prishtina","Fillore","Ulpiana","10000","42.6492998","21.1610383","1909e"
"Esat Berisha","Fillore","Llashtice","60000","42.3844539","21.4998657","0437d"
"Agim Ramadani","Fillore","Lladove","60000","42.3870693","21.4733139","0440d"
"Ramiz Cernica","Fillore","Cernicë","60000","42.4212556","21.424286","0410d"
"Vehbi Ibrahimi","Fillore","Uglari","60000","42.4275087","21.522433","0441d"
"Liria","Fillore","Pograxhë","60000","42.4319975","21.5866795","0408d"
"Mulla Idriz Gjilani","Fillore","Velekincë","60000","42.4332201","21.4751398","0429d"
"Abaz Ajeti","Fillore","Gjilan","60000","42.4534801","21.4702929","0401d"
"Vatra e Diturise",,"Livoq i Eperm","60000","42.453918","21.4297484","0439d"
"Afërdita","Fillore","Kishnapole","60000","42.4582815","21.309092","0405d"
"Avdullah Tahiri","Fillore","Malishevë","60000","42.45965","21.50918","0407d"
"Thimi Mitko","Fillore","Gjilan","60000","42.4614919","21.4679702","0401x"
"Vuk Kardzhiç","Anex i Kishes","Gjilan","60000","42.4639892","21.4667346","0412d"
"Mehmet Isai","E Mesme","Gjilan","60000","42.4676832","21.4666504","0403x"
"Selami Hallaqi","Fillore","Gjilan","60000","42.4687309","21.4601982","0402d"
"Arbëria","E Mesme","Gjilan","60000","42.4691981","21.4649264","0403d"
"Nazim Hikmet","Fillore","Dobërçan","60000","42.4722751","21.5707797","0406d"
"Vuk Kardzhiç","Fillore","Shilovë","60000","42.477402","21.5010687","0415d"
"Vuk Kardzhiç","Fillore","Kmetofc","60000","42.4966856","21.5280219","0428d"
"Skenderbeu","Fillore","Përlepnicë","60000","42.5079887","21.5203786","0423d"
"Ibrahim Oruqi","Fillore","Bresalc","60000","42.5086323","21.3813135","0404d"
"Nexhmi Mustafa","Fillore","Besi","10000","42.7536111","21.1480556","1933e"
"Ali Kelmendi","Fillore","Barilevë","10000","42.755","21.1191667","1934e"
"Avni Rrustemi","Fillore","Mramori","10000","42.6627778","21.3","1935e"
"Filip Shiroka","Fillore","Slivovë","10000","42.622778","21.334444","1936e"
"Fan Noli","Fillore","Marefc/Marevc","10000","42.4941667","21.1919444","1937e"
"Nëna Terezë","Fillore","Sharban","10000","42.7541667","21.2352778","1939e"
"Ganimete Tërbeshi","Fillore","Llukarë","10000","42.709722","21.206667","1940e"
"Tefik Çanga","Fillore","Koliq","10000","42.7733333","21.2861111","1941e"
"Rilindja","Fillore","Keçekoll","10000","42.7330556","21.3141667","1942e"
"Azem e Salihu","Fillore","Dabishefc","10000","42.7286111","21.4338889","1943e"
"Shtëpi private,pronar - Bora Dragovic",,"Slivova e Epërme","10000",,,"1952e"
"Dimitrije Prica",,"Bërnicë e Poshtme","10000","42.706111","21.134722","1953e"
"Dimitrije Prica",,"Bërnicë e Epërme","10000","42.7136111","21.1497222","1954e"
"Shtepia e Mbledhjeve ne fshat",,"Nëntë Jugoviç","10000","42.721944","21.136111","1955e"
"Nene Tereza",,"Vranidoll","10000","42.7669444","21.1527778","1956e"
"Nene Tereza",,"Teneshdoll","10000","42.7877778","21.1711111","1957e"
"Ditet e Minatorit",,"Shashkoc","10000","42.586667","21.229444","1958e"
"Nexhmi Mustafa",,"Rimanishte","10000","42.7672222","21.1983333","1959e"
"Nexhmi Mustafa",,"Prugoc","10000","42.74","21.1205556","1960e"
"Isa Boletini",,"Busi","10000","42.6411111","21.3097222","1962e"
"Iliria",,"Mareci (Bullaj)","10000","42.4941668","21.1919443","1963e"
"Hajdar Dushi","Mesme","Gjakovë","50000","42.3842106","20.4326186","0201c"
"Mustafa Bakija(e vjeter)","Fillore","Gjakovë",,"42.3765373","20.4366121","0202c"
"Yll Morina","Fillore","Gjakovë",,"42.3748254","20.4363825","0202x"
"Mazllum Këpuska","Fillore","Gjakovë",,"42.3764922","20.426106","0203c"
"Bajram Curri","Arsim i lart","Gjakovë",,"42.3814977","20.4271814","0203x"
"Kadri Kusari","Mesme","Gjakovë",,"42.383237","20.4361571","0204c"
"Zekeria Rexha","Fillore","Gjakovë",,"42.3892605","20.4276327","0205c"
"Shtjefën Kurti","Shkolla","Novosellë e Epërme",,"42.461506","20.392685","0219c"
"Hazir Ramaj","Fillore","Kralan",,"42.5233333","20.5133332","0206c"
"Vëllazërimi","Fillore","Cërmjan",,"42.4725","20.476389","0207c"
"Gjergj Fishta","Fillore","Bishtrazhin",,"42.355556","20.511944","0208c"
"Niman Ferizi","Fillore","Lipovec",,"42.3108334","20.4774999","0209c"
"Ganimete Tërbeshi","Fillore","Ponoshec",,"42.4069445","20.2836111","0210c"
"Luigj Gurakuqi","Fillore","Korenicë",,"42.3719445","20.3674999","0211c"
"Haxhi Hoti","Shkolla","Rogovë",,"42.3294441","20.579722","0212c"
"Durak Ahmeti","Fillore","Demjan",,"42.2961112","20.5208332","0213c"
"Ukshin Miftari","Shkolla","Skivjan",,"42.4308331","20.3830559","0214c"
"Ahmet Rrustemi","Fillore","Bec",,"42.443056","20.449444","0215c"
"Dëshmorët e Kombit","Fillore","Jabllanicë (Shqiponjë)",,"42.5458331","20.486389","0220c"
"Zef Mark Perkaj","Shkolla","""Sheremetaj""",,"42.4355557","20.3302777","0221c"
"Zef Lush Marku","Fillore","Brekoc",,"42.3586111","20.405278","0222c"
"Selman Riza","Fillore","Piskotë",,"42.3586111","20.405278","0223c"
"Remzi Pula","Fillore","Dobilibare",,"42.4236113","20.5019443","0224c"
"Jahe Salihu","Fillore","Molliq",,"42.4391671","20.2708329","0225c"
"Qemajl Bakia","Fillore","Dol",,"42.3338889","20.4680556","0226c"
"Ferhat Binishi","Fillore","Zhabel",,"42.5966667","20.2805556","0227c"
"Fahri Hoxha","Fillore","Babaj i Bokes",,"42.3616667","20.3341667","0228c"
"Fan Noli",,"Dujakë",,"42.456111","20.369722","0229c"
"Jeta e Re","Fillore","Greme","70000","42.320335","21.1623263","2507d"
"Tefik Qanga","E Mesme","Ferizaj","70000","42.3652377","21.1567146","2501d"
"Gjon Serreqi","E Mesme","Ferizaj","70000","42.3690901","21.154762","2502x"
"Ahmet Hoxha","Fillore","Ferizaj","70000","42.364765","21.1494087","2501y"
"Naum Veqilharxh ","Fillore","Kliqinë ","30000","42.623889","20.4608333","1711c"
"Rilindja ","Fillore","Tërstenik ","30000","42.6758333","20.4549999","1710c"
"Vllaznimi ","Fillore","Baran ","30000","42.5752779","20.418611","1713c"
"Ali Kelmendi ","Fillore","Nabërgjan","30000","42.6719445","20.3919443","1727c"
"Pjetër Budi ","Fillore","Poqestë ","30000","42.6333335","20.3913887","1709c"
"Haxhi Zeka ","Fillore","Zahaq ","30000","42.6536114","20.3852778","1708c"
"Janko Javicevic ","E Mesme","Gorazhdec","31030","42.6405557","20.3697222","1715c"
"Fan S. Noli ","Fillore","Krusheci ","30000","42.5772223","20.3527777","1724c"
"Skenderbeu ","Fillore","Trebovic ","30000","42.6736112","20.3527777","1726c"
"Lidhja e Pejës ","Fillore","Novosellë ","30000","42.7252931","20.329402","1707c"
"2 Korriku ","Fillore","Loxhë ","30000","42.6297223","20.3249999","1725c"
"28 Nëntori ","Fillore","Raushiq ","30000","42.6150001","20.3116666","1714c"
"Shaban Spahia","E Mesme","Pejë ","30000","42.6603505","20.3072201","1704y"
"Instituti i Agronomisë ","Qender","Pejë ","30000","42.6661667","20.3036632","1705x"
"Xhemajl Kada ","Fillore","Pejë ","30000","42.6683951","20.302536","1705c"
"8 Marsi ","Fillore","Pejë ","30000","42.6590245","20.3005217","1704x"
"Ramiz Sadiku ","Fillore","Pejë ","30000","42.6625394","20.3004412","1704c"
"Dardania  ","Fillore","Pejë ","30000","42.6518817","20.2966191","1723c"
"Vaso Pashë Shkodrani ","Fillore","Pejë ","30000","42.6538484","20.287352","1702c"
"Lidhja e Prizrenit ","Fillore","Pejë ","30000","42.6597407","20.2848763","1703c"
"Asdreni","Fillore","Pejë ","30000","42.6624743","20.2837391","1701c"
"Emin Duraku",,"Kaçanik","71000","42.2351968","21.2572402","0701x"
"Trepqa","Fillore","Banje e Pejes","31000","42.727499","20.38824","0602C"
"Fan S. Noli","Fillore","Dobrushe","31000","42.7136111","20.4311111","0603C"
"Selman Riza","Fillore","Fushë Kosovë","12000","42.636279","21.0901742","0901e"
"Mihal Grameno","Fillore","Fushë Kosovë","12000","42.6406109","21.100534","0901x"
"Zenel Salihu","Shkolla","Bardh i Madh","12000","42.6347222","21.023611","0902e"
"Bajram Curri","Shkolla","Sllatinë e Epërme ","12000","42.6006981","21.0211487","0903e"
"Vëllezërit Frashëri","Shkolla","Miradi e Ulët","12000","42.605556","21.069444","0904e"
"Aca Marovic","Shkolla","Kuzmini","12000","42.626944","21.058889","0905e"
"Sveti Sava","Shkolla","Bresja","12000","43.236667","20.860556","0907e"
"Aneks i Shtëpisë së Kulturës","Shkolla","Fushë Kosovë","12000","42.6348797","21.0848056","0909e"
"Parku i Maqinave","Shkolla","Fushë Kosovë","12000","42.63893","21.09594","0910e"
"Fakulteti Teknik","Arsimi i lart","Bregu i Diellit","10000","42.64858","21.16664","1949e"
"Shtjefën Gjeçovi","Mesme","Lakrishte","10000","42.6553081","21.1499717","1905e"
"Gjergj Fishta","Fillore","Taslixhe","10000","42.6654018","21.1758653","1917e"
"""Ndërtesat e YU programit-Qendra e Komuniteteve""",,"Prishtinë","10000",,,"1951e"
"Liria",,"Kllokoq","10000",,,"1961e"
"""Fadil Hisari ""","Shkolla","Tusus - Prizren",,"42.2020343","20.7285131","2006a"
"Emin Duraku","Fillore","Shaban Polluzha -Prizren",,"42.1236655","20.7344425","2001a"
"""Ibrahim Fehmiu ""","Fillore","Dushanovë (Arbana) - Prizren",,,,"2002a"
"""Abdyl Frashëri ""","Fillore","28 November/Ortakol - Prizren",,"42.220533","20.7283221","2003a"
"""Motrat Qiriazi ""","Fillore","7 September - Prizren",,"42.2148084","20.7443405","2004a"
"""Gjon Buzuku ""","E Mesme - Gjimnaz","24 May - Prizren",,"42.2062481","20.7329685","2005a"
"""Mustafa Bakiu ""","Fillore","24 May - Prizren",,"42.2064262","20.7351627","2005x"
"""Ymer Prizreni ""","Fillore","Tusus - Prizren",,"42.2063285","20.7260363","2006x"
"Leke Dukagjini",,"11 March - Prizren",,"42.2224123","20.7410813","2007a"
"""Mati Logoreci """,,"Lakuriq/Mati Logoreci - Prizren",,"42.2143075","20.7395939","2009a"
"Sharr","Fillore","Pouskë",,,,"2010a"
"""Mushnikova ""","Fillore","Mushnikovë",,,,"2011a"
"""Ekrem Rexha ""","Fillore","Lubizhdë",,,,"2013a"
"""Besim Ndreca ""","Fillore","Lutogllavë",,,,"2014a"
"""Zenun Çoçaj ""","Fillore","Gjonaj",,,,"2015a"
"""Mic Sokoli ""","Fillore","Lubiqevë",,,,"2016a"
"""Vëllezërit Frashër """,,"Gorozhup",,,,"2017a"
"""Bajram Curri ""","Fillore","Romajë",,,,"2018a"
"""Sinan Thaçi ""","Fillore","Zojiz",,,,"2019a"
"""Zenel Hajdini""","Fillore","Piranë",,,,"2020a"
"""Ardhmëria ""","Fillore","Landovicë",,,,"2021a"
"Sezai Surroi ","Fillore","Korishë",,,,"2023a"
"""Shtjefën Gjeçov ""","Fillore","Zym",,,,"2024a"
"Zef Lush Marku","Fillore","Velezhë",,,,"2025a"
"Nazim Buduri","Fillore","Hoçë e Qytetit",,,,"2026a"
"Idriz Seferi","Fillore","Randobravë",,,,"2027a"
"Drajcici","Fillore","Drajçiq",,,,"2028a"
"Luigj Gurakuqi","Fillore","Nashec",,,,"2029a"
"Pjetër Budi","Fillore","Lubizhdë e Hasit",,,,"2030a"
"Naim Frashëri","Fillore","Vllashnjë",,,,"2032a"
"Dëshmorët e Zhurit","Fillore","Zhur",,,,"2033a"
"Meto Bajraktari","Fillore","Reçan",,,,"2034a"
"Izvor","Fillore","Lubinje e Epërme",,,,"2035a"
"25 Maj","Fillore","Lubinje e Poshtme",,,,"2036a"
"Svjetlost","Fillore","Manastiricë",,,,"2037a"
"Nefit Jusufi","Fillore","Skorobishtë",,,,"2038a"
"Ekrem Rexha","Fillore","Gërnçar",,,,"2040a"
"Dëshmorët e Vërrinit","Fillore","Billushë - Prizren",,,,"2041a"
"Lekë Dukagjini","Fillore","Petrovë",,,,"2048a"
"Mithat Frashëri","Fillore","Krajk",,,,"2049a"
"Qamil Guranjaku","Fillore","Kushnin",,,,"2050a"
"Ekrem Rexha","Fillore","Novosellë",,,,"2051a"
"Heronjte e Lumës","Fillore","Shkozë",,,,"2054a"
"Haziz Tola","Fillore","Prizren - Jeta e Re",,,,"2055a"
"Bajram Curri","Fillore","Krushë e Vogël",,,,"2056a"
"Vëllezerit Frasheri","Fillore","Planeja",,,,"2057a"
"Pjeter Mazreku","Fillore","Mazreku",,,,"2058a"
"Liridona","Fillore","Poslishta",,,,"2059a"
"Anif Muji","Fillore","Struzha",,,,"2060a"
"Dardania","Fillore","Prizren - Dardania",,,,"2061a"
"Xhevat Berisha","Fillore","Prizren - Bajram Curri",,,,"2062a"
"Shtëpia e Gjuetarëve",,"Srecke",,,,"2063a"
"Novak","Fillore","Novak",,,,"2064a"
"Medveci","Fillore","Medvec",,,,"2065a"
"Sharr","Fillore","Jabllanice",,,,"2066a"
"Svjetlost","Fillore","Nebregoshte",,,,"2067a"
"Pllanjane","Fillore","Pllanjan",,,,"2068a"
"Dedaj","Fillore","Dedaj",,,,"2069a"
"Pjeter Bogdani","E Mesme","Ferizaj","70000","42.3644986","21.1576777","2501x"
"Kuvendi i Arberit","E Mesme","Ferizaj","70000","42.373764","21.1432285","2502d"
"Faik Konica","E Mesme","Ferizaj","70000","42.3723033","21.1468567","2503d"
"Jeronim De Rada","Fillore","Ferizaj","70000","42.3721612","21.1471477","2503x"
"Zenel Hajdini","E Mesme","Ferizaj","70000","42.3739379","21.1443285","2504d"
"Konstatin Kristoforidhi","Fillore","Nerodime e Eperme","70000",,,"2505d"
"Pese Deshmoret e UQK-se","Fillore","Pleshine","70000",,,"2506d"
"Imri Halili","Fillore","Gaqke","70000",,,"2508d"
"Visar Dodani","Fillore","Varosh","70000",,,"2509d"
"Besim Rexhepi","Fillore","Komogllave","70000",,,"2510d"
"Ramadan Rexhepi","Fillore","Sojeve","70000",,,"2511d"
"Dituria","Fillore","Tankosiq","70000",,,"2512d"
"Dy Deshmoret","Fillore","Talinoc i Muhaxhereve","70000",,,"2513d"
"Kemail Hetemi","Fillore","Rahovice","70000",,,"2514d"
"Deshmoret e Koshares","Fillore","Koshare","70000",,,"2515d"
"Ali Hadri","Fillore","Mirash","70000",,,"2516d"
"Perparimi","Fillore","Lloshkobaja","70000",,,"2523d"
"Liman Lekaj","Fillore","Surqine","70000",,,"2524d"
"Naim Frasheri","Fillore","Zasoku","70000",,,"2525d"
"Abetarja","Fillore","Softaj","70000",,,"2526d"
"Skenderbeu","Fillore","Jerzerec","70000",,,"2527d"
"7 Shtatori ","Fillore","Vitomiricë ","30090",,,"1706c "
"Migjen ","Fillore","Gllogjan ","30000",,,"1712c "
"Sveti Sava","Fillore","Mitrovicë","40000",,,"1101b"
"Shkolla Teknike",,"Mitrovicë","40000",,,"1101x"
"Migjeni",,"Mitrovicë","40000",,,"1102b"
"Abdullah Shabani",,"Mitrovicë","40000",,,"1102x"
"Fazli Graiqevci","Fillore","Shipol","40000",,,"1103b"
"Zabar","Fillore","Zhabari","40000",,,"1103x"
"Ismail Qemali",,"Mitrovica - Bairi","40000",,,"1104b"
"Skenderbeu",,"Mitrovica - Ura e gjakut","40000",,,"1105b"
"Sami Frashëri 57",,"Lagja e Boshnjakeve","40000",,,"1107b"
"Aziz Sylejmani",,"Kodra e Minatoreve","40000",,,"1108b"
"Andon Zako Cajupi","Fillore","Mitrovicë","40000",,,"1109b"
"Bedri Gjina",,"Mitrovicë - Sitnica","40000",,,"1111b"
"Hivzi Sylejmani",,"Kçiq i Madh","40000",,,"1112b"
"Trepçë",,"Trepçë","40000",,,"1113b"
"Bajram Curri","Fillore","Gushavce","40000",,,"1114b"
"Rifat Vidishiqi",,"Bare","40000",,,"1115b"
"Elena Gjika",,"Tuneli i Parë","40000",,,"1116b"
"Një Maji",,"Shupkofc","40000",,,"1117b"
"Bajram Curri",,"Vidimiriq","40000",,,"1118b"
"Zyra Lokale per Komunitete",,"Sfinjar","40000",,,"1119b"
"Sefedin Smakolli",,"Rashan","40000",,,"1120b"
"Mehë Uka",,"Bajgorë","40000",,,"1121b"
"Jusuf Rexha",,"Koshutovë","40000",,,"1122b"
"Shkolla Bujqesore",,"Mitrovice (lagja e romeve)","40000",,,"1123b"
"Bislim Hajdari",,"Kaqanadoll","40000",,,"1124b"
"Habib Jusufi",,"Vllahi","40000",,,"1125b"
"Bislim Jusufi",,"Selac","40000",,,"1126b"
"Minatoret",,"Rahove","40000",,,"1127b"
"Fazli Graiqevci",,"Verbnice","40000",,,"1128b"
"Sylejman Vokshi",,"Broboniq","40000",,,"1129b"
"Trepca",,"Mazhiq","40000",,,"1130b"
"Trepca",,"Melenice","40000",,,"1132b"
"Bashkimi","Fillore","Gllogovc","13000",,,"0301e"
"G.J.K. Skenderbeu","Fillore","Gllogovc","13000",,,"0301x"
"Jeta e Re","Fillore","Komoran","13000",,,"0302e"
"Shaban Polluzha","Fillore","Koreticë e Epërme","13000",,,"0303e"
"Rilindja","Fillore","Dobrashec","13000",,,"0304e"
"Vëllezërit Frashëri","Fillore","Gradicë","13000",,,"0305e"
"Zenel Hajdini","Fillore","Tërstenik","13000",,,"0306e"
"Shote Galica","Fillore","Abri e Epërme","13000",,,"0307e"
"Migjeni","Fillore","Bajicë","13000",,,"0308e"
"28 Nëntori","Fillore","Krajkovë","13000",,,"0309e"
"Bajram Curri","Fillore","Nekoc","13000",,,"0310e"
"Luigj Gurakuqi","Fillore","Sankofc","13000",,,"0311e"
"Emin Duraku","Fillore","Arllat","13000",,,"0313e"
"Jusuf Gervalla","Fillore","Negrovc","13000",,,"0314e"
"Skenderbeu","E Mesme","Poklek","13000",,,"0315e"
"Xheve Lladrovci","Fillore","Gllanasell","13000",,,"0316e"
"Hasan Prishtina","Fillore","Llapushnik","13000",,,"0317e"
"Zenel Hadini","Fillore","Polluzhe","13000",,,"0318e"
"Arif Shala","Fillore","Zabeli i Ulte","13000",,,"0319e"
"Ali Gashi","Fillore","Qikatove e Re","13000",,,"0320e"
"Vellezrit Frasheri","E Mesme","Deqan","51000","42.5435854","20.2776408","0101c"
"Lidhja e Prizrenit","E Mesme","Deqan","51000",,,"0101x"
"Syle Alaj","E Mesme","Drenoc","51000",,,"0102c"
"Drita","E Mesme","Gramaqel","51000",,,"0103c"
"Bajram Curri","E Mesme","Strellci i Eperm","51000",,,"0105c"
"Avni Rrustemi","E Mesme","Irzniq","51000",,,"0106c"
"Isa Boletini","Fillore","Isniq","51000",,,"0108c"
"Lan Selimi","E Mesme","Lumbardhe","51000",,,"0110c"
"Skenderbeu","E Mesme","Kaçanik","71000",,,"0701d"
"Kongresi i Manastirit",,"Glloboqice","71000",,,"0702d"
"Qamil Ilazi",,"Kaqanik i Vjeter","71000",,,"0703d"
"Iliria",,"Stagove","71000",,,"0704d"
"Jusuf Gervalla",,"Biqec","71000",,,"0705d"
"Kadri Zeka",,"Dubrave","71000",,,"0706d"
"Ali Asllani",,"Dogonaj","71000",,,"0707d"
"Dituria",,"Ivaje","71000",,,"0710d"
"Nazmi Osmani",,"Elezaj","71000",,,"0712d"
"7 Shtatori",,"Begrace","71000",,,"0713d"
"Naim Frasheri",,"Kotline","71000",,,"0715d"
"Idriz Seferi",,"Gajre","71000",,,"0716d"
"Emin Duraku",,"Gjurgjedell","71000",,,"0717d"
"Emin Duraku",,"Korbliq","71000",,,"0718d"
"Idriz Seferi",,"Kovaqeci","71000",,,"0719d"
"Ruzhdi Berisha","Mesme","Dragash",,,,"0501a"
"Fetah Sylejmani ","Fillore","Dragash",,,,"0501x"
"Zenuni","Fillore","Brod",,,,"0502a"
"Restelica","Fillore","Restelicë",,,,"0503a"
"Svetlost","Fillore","Glloboçicë",,,,"0504a"
"9 Maji","Fillore","Rapçë e Poshtme",,,,"0505a"
"Shaban Shabani","Fillore","Brezne",,,,"0506a"
"28 Nëntori","Fillore","Bresanë",,,,"0507a"
"Ilmi Bahtijari","Fillore","Blaq",,,,"0508a"
"Ulina","Shkoll e re","Kosavë",,,,"0509a"
"Samidin Emini","Fillore","Kuk",,,,"0510a"
"Sezai Surroi","Fillore","Bellobrad",,,,"0511a"
"Ilmi Bahtijari","Fillore","Zgatar",,,,"0512a"
"Fetah Sylejmani","Fillore","Radeshë",,,,"0516a"
"Fetah Sylejmani","Fillore","Leshtan",,,,"0517a"
"Shaban Shabani","Fillore","Pllavë",,,,"0518a"
"Fetah Sylejmani","Fillore","Xërxe",,,,"0519a"
"Svetlost","Fillore","Krushe",,,,"0520a"
"25 Maj","Fillore","Vranishtë",,,,"0521a"
"Shaban Shabani","Fillore","Buçe",,,,"0522a"
"Ilmi Bahtijari","Fillore","Zaplluxhe",,,,"0523a"
"Sezai Surroi","Fillore","Brruti",,,,"0524a"
"9 Maji","Fillore","Kerstevc",,,,"0525a"
"Fetah Sylejmani","Fillore","Rrenci",,,,"0526a"
"Svetlost","Fillore","Zlipotoku",,,,"0527a"
"Samidin Emini","Fillore","Pllajniku",,,,"0528a"
"25 Maj","Fillore","Oruqusha",,,,"0529a"
"Zenuni","Fillore","Dikanca",,,,"0530a"
"Haxhi Zeka","E Mesme","Istog","31000",,,"0601C"
"Martin Camaj","Fillore","Gjurakovc","31000",,,"0604C"
"Avni Rrustemi","E Mesme","Zallq","31000",,,"0605C"
"Hysni Zajmi","Fillore","Vrelle","31000",,,"0606C"
"Mehmet Akif","E Mesme","Shushice","31000",,,"0607C"
"Ndre Mjeda","E Mesme","Rakosh","31000",,,"0608C"
"Tre Deshmoret","Fillore","Uqe","31000",,,"0613c"
"Radosh Tosiq","Fillore","Osojan","31000",,,"0618c"
"Ismail Qemaili","Fillore","Sardran","31000",,,"0619c"
"Bajram Curri","Fillore","Cerce","31000",,,"0620c"
"Zymer Zeka","Fillore","Kaliqan","31000",,,"0621c"
"Fan Noli","Fillore","Llukafec i Begut","31000",,,"0622c"
"Tre Deshmoret","Fillore","Cerkolez","31000",,,"0623c"
"Ismet Raci","Fillore","Kline","32000",,,"0801c"
"Isa Boletoni","Fillore","Drenoc","32000",,,"0802c"
"Emin Duraku","Fillore","Sferke","32000",,,"0803c"
"Shtjefen Gjeqovi","Fillore","Zllokuqan","32000",,,"0804c"
" Ali Krasniqi","Fillore","Ujmir","32000",,,"0805c"
"Nena Tereze","Fillore","Budisafc","32000",,,"0806c"
"Tre Deshmoret","Fillore","Jashanice e Poshtme","32000",,,"0807c"
"Deshmoret e Qendreses","Fillore","Gllareve","32000",,,"0808c"
"Azem Bejta","Filllore","Grabanice","32000",,,"0811c"
"Qendra e Takimeve (Shtepi)","Qender","Binxhe","32000",,,"0813c"
"Avni Zhabota","Fillore","Shtupeli","32000",,,"0814c"
"Esat Mekulli","Fillore","Caravik","32000",,,"0815c"
"Zgjimi","Fillore","Gremnik","32000",,,"0816c"
"Azem Bejta","Fillore","Kpuz","32000",,,"0817c"
"Emin Duraku","Fillore","Perqeve","32000",,,"0818c"
"Qendra per grumbullimin e Qumshtit","Qender","Videje","32000",,,"0819c"
"Ismail Qemali",,"Kamenicë","62000",,,"1001d"
"Andrea Durrsaku",,"Kamenice","62000",,,"1001x"
"Rexhep Malaj","Filllore","Topanice","62000",,,"1002d"
"Idriz Seferi","Filllore","Strezofc","62000",,,"1003d"
"7 Shtatori","Filllore","Krileve","62000",,,"1004d"
"Skenderbeu","Filllore","Hogosht","62000",,,"1005d"
"Kadri Zeka","Filllore","Desivojce","62000",,,"1006d"
"Nuhi Berisha","Filllore","Tugjec","62000",,,"1007d"
"Sadri Misini","Filllore","Shipashnice e Eperme","62000",,,"1008d"
"Metush Krasniqi","Filllore","Rogaqice","62000",,,"1009d"
"Desanka Masimovic","Filllore","Ajnoc","62000",,,"1010d"
"Zyra e Postes","Qender","Kolloleq","62000",,,"1013d"
"Desanka Masimovic","Filllore","Berivojce","62000",,,"1015d"
"Desanka Masimovic","Filllore","Bosce","62000",,,"1016d"
"Qendra e Kultures","Qender","Kamenice","62000",,,"1017d"
"Asllan Thaqi","Filllore","Karaqeve e Ulet","62000",,,"1022d"
"Hasan Prishtina","Filllore","Busovate","62000",,,"1023d"
"Avdullah Kraishnica-Presheva","Filllore","Koretin","62000",,,"1024d"
"Xhelal Sopi","Filllore"," ","62000",,,"1025d"
"Xhavit Ahmeti","Filllore","Hodonovc","62000",,,"1026d"
"Skenderbeu","Filllore","Lisocka","62000",,,"1027d"
"Kadri Zeka","Filllore","Poliqka","62000",,,"1028d"
"Skenderbeu","Filllore","Kopernice","62000",,,"1029d"
"Metush Krasniqi","Filllore","Muqiverc","62000",,,"1030d"
"Sadri Misini","Filllore","Shipashnice e Poshtme","62000",,,"1031d"
"Ernest Koliqi ","Fillore ","Babush i Muhaxherëve ","14050",,,"1306e "
"Vëllezërit Frashëri ","Fillore ","Banulle ","14050",,,"1325e "
"Hivzi Sylejmani ","Fillore ","Dobrajë e Madhe ","14050",,,"1322e "
"Zenel Hajdini ","Fillore ","Gadimja e Ulët ","14050",,,"1307e "
"Braca Aksic ","E Mesme ","Grack e Vjetër ","14050",,,"1319e "
"Hallaqi ","Fillore ","Hallaqi i Vogël ","14050",,,"1316e "
"Janjevë ","E Mesme ","Janjevë ","14050",,,"1303e "
"Skenderbeu ","Fillore ","Krajishtë ","14050",,,"1305e "
"Faik Konica ","Fillore ","Krojmir ","14050",,,"1326e "
"Ulpiana ","E Mesme ","Lipjan ","14050","42.5291598","21.1174742","1301x "
"Shtëpia e Kulturës ","Qendër","Lipjan ","14050","42.5252846","21.1184231","1311e "
"Vellezerit Frasheri ","Fillore ","Lipjan ","14050","42.5228912","21.1216472","1315e "
"Hasan Prishtina ","Fillore ","Llugaxhia ","14050",,,"1308e "
"Jeronim de Rada ","Fillore ","Magure ","14050",,,"1302e "
"Jeronim De Rada ","E Mesme ","Medvec ","14050",,,"1314e "
"Hivzi Sylejmani ","Fillore ","Poturoci ","14050",,,"1327e "
" Idriz Ajeti ","Fillore ","Resinovc ","14050",,,"1324e "
"Kadri Beba ","Fillore ","Ribar i Madh ","14050",,,"1328e "
"Shtëpi Private ","Qendër","Rubovc ","14050",,,"1320e "
"Drita ","Fillore ","Rubovc ","14050",,,"1329e "
"Migjeni ","Fillore ","Ruvc i Ri ","14050",,,"1323e "
"Idriz Ajeti ","Fillore ","Shalë ","14050",,,"1304e "
"Hasan Zyko Kamberi ","Fillore ","Sllovi ","14050",,,"1317e "
"Ibrahim Krasniqi ","Fillore ","Smallushe ","14050",,,"1330e "
"Topliqani ","Fillore ","Topliqan ","14050",,,"1331e "
"Vellezerit Frasheri ","Fillore ","Lipjan ","14050","42.5228912","21.1216472","1301e"
"Minatori","Fillore","Novobërdë",,,,"1401d"
"Asdreni","Fillore","Llabjan","16000","42.5677779","21.3438888","1402d"
"Zyra Komunale per Komunitete","Qender","Prekoc","16000",,,"1403d"
"Miladin Popovic","Fillore","Bostanë","16000","42.601389","21.426111","1404d"
"Sveti Sava","Fillore","Jasenovik","16000","42.6022222","21.4597222","1406d"
"Minatori","Fillore","Vlasoli","16000","42.6104591","21.436477","1407d"
"Nushi dhe Tefiku","Fillore","Pasjaku","16000","42.4744444","21.4252778","1408d"
"Bostanë","Mesme","Bostanë","16000","42.601389","21.426111","1409d"
"Dositej Obradovic","Fillore","Zebince","16000","42.5605556","21.4102778","1410d"
"Sveti Sava","Fillore","Paralove","16000",,,"1411d"
"Bora Stankovic","Fillore","Koretishte","16000","42.4883333","21.4416667","1412d"
"Petar Petrovic Njegoš","Fillore","Stanishor","16000","42.4931998","21.4635529","1413d"
"Bora Stankovic","Fillore","Strazhe","16000","42.5275","21.4344444","1414d"
"Dragi Popovic","Mesme","Kufce e Eperme","16000","42.4966667","21.4822222","1415d"
"Petar Petrovic Njegoš","Fillore","Makresh i Epërm","16000","42.5675","21.446111","1416d"
"Bratstvo","Fillore","Bolefc","16000",,,"1417d"
"Desanka Maksimovic","Fillore","Bushince","16000","42.625","21.5069444","1418d"
"Skenderbeu","Fillore","Makresh i poshtëm","16000","42.561944","21.480556","1419d"
"Pandeli Sotiri","Fillore","Obiliq",,"42.688846","21.0754747","1501e"
"Liria",,"Milloshevë",,,,"1502e"
"Naim Frashëri",,"Brezhnicë",,,,"1503e"
"Fazli  Graiqevci",,"Hade",,,,"1504e"
"Migjeni","Fillore","Sibofc",,,,"1505e"
"Milan Rakic",,"Babimoc",,,,"1507e"
"Dositej Obradovic",,"Palaj",,,,"1509e"
"Konteiner ICS (UNHCR)",,"Kampi Plemetin",,,,"1511e"
"Sveti Sava",,"Plemetin",,,,"1512e"
"Shtëpi private afër Shkollës së vjetër ",,"Obiliq",,,,"1514e"
"Branko Radicevic","Fillore","Obiliq",,"42.6868154","21.070741","1515e"
"Pandeli Sotiri","Fillore","Krushec",,,,"1519e"
"Pandeli Sotiri","Fillore","Mazgit",,,,"1520e"
"Migjeni ","Fillore","Graboc i Epërm",,,,"1521e"
"Mihail Grameno","Shkolla","Rahovec","21000",,,"1601a"
"Xhelal Hajda-Toni","Shkolla","Rahovec","21000","42.394566","20.6499259","1602a"
"7 Shtatori","Shkolla","Rahovec","21000",,,"1602x"
"Haki Stërmilli","Fillore","Zoqishtë","21000",,,"1603a"
"Haki Stërmilli","Fillore","Reti","21000",,,"1604a"
"Vëllezërit Frashëri","Fillore","Zatriq","21000",,,"1605a"
"Jusuf Gërvalla","Fillore","Pastasellë","21000",,,"1606a"
"Rilindja","Shkolla","Kramovik","21000",,,"1607a"
"Bajram Curri","Shkolla","Krushë e Madhe","21080",,,"1608a"
"Heronjtë e Kosovës","Shkolla","Hoçë e Vogël","21000",,,"1609a"
"Hamëz Thaçi","Fillore","Xërxë","21000",,,"1610a"
"Liria","Fillore","Potoqan i Ulët","21000",,,"1611a"
"Katër Dëshmorët e Ratkocit","Shkolla","Ratkoc","21050",,,"1612a"
"Vuk Karadžic","Shkolla","Rahovec","21000",,,"1619a"
"Svetozar Markovic","Fillore","Hoçë e Madhe","21070",,,"1620a"
"Skender Kastrati","Fillore","Malësi e Vogël","21000",,,"1621a"
"Lidhja e Prizrenit","Shkolla","Opterushë","21000",,,"1622a"
"Rilindja","Shkolla","Çiflak","21000",,,"1623a"
"Liria","Shkolla","Bellacërkvë","21000",,,"1624a"
"Rudolf Walther","Shkolla","Dejnë","21000",,,"1625a"
"Isa Boletini","Fillore","Rahovec","21000",,,"1626a"
"Faik Konica","Fillore","Celinë","21000",,,"1627a"
"Vëllezerit Frasheri","Fillore","Drenoci","21000",,,"1628a"
"Petro Nino Luarasi","Fillore","Mrasori","21000",,,"1629a"
"Liria - Sapniq","Fillore","Sopinici","21000",,,"1630a"
"Sylejman Vokshi","Fillore","Polluzhe","21000",,,"1631a"
"Vrajak-Bratatin","Fillore","Vrajak","21000",,,"1632a"
"Ardhmeria","Fillore","Rahovec","21000",,,"1633a"
"Vellezerit Frasheri","Fillore","Senoc","21000",,,"1634a"
"Pataqan I Eperm","Fillore","Pataqan i Eperm","21000",,,"1635a"
"Rudolf Walter","Shkolla","Doberdol","21000",,,"1637a"
"Bajram Curri","Fillore","Nagavc","21000",,,"1638a"
"Haki Stermilli","Fillore","Reti e Poshtme","21000",,,"1639a"
"Skender Kastrati","Fillore","Gexhe","21000",,,"1640a"
"Fan S. Noli","E mesme","Podujevë",,"42.9184956","21.1922047","1801e"
"Aleksandër Xhuvani","Gjimnazi","Podujevë",,"42.91805","21.1968352","1801x"
"Shaban Shala","E mesme","Podujevë",,"42.9112527","21.1935858","1802e"
"Naim Frashëri","Fillore","Podujevë",,"42.9108323","21.1945943","1802x"
"Afrim E Fazliu","Fillore","Luzhanë",,,,"1803e"
"Azem Bejta","Fillore","Kërpimeh",,,,"1804e"
"Shefki Latifi","Fillore","Pollatë",,,,"1805e"
"Sami Frashëri","Fillore","Zhiti",,,,"1806e"
"Nuhi Gashi","Fillore","Bradash",,,,"1807e"
"Emin Duraku","Fillore","Bajqinë",,,,"1808e"
"Esat Mekuli","Fillore","Dobratin",,,,"1809e"
"Naum Veqilharxhi","Fillore","Llapashticë e Epërme",,,,"1810e"
"Ali Hadri","Fillore","Katunishtë",,,,"1811e"
"Kongresi i Manastirit","Fillore","Gllamnik",,,,"1812e"
"Elena Gjika","Fillore","Shajkofc",,,,"1813e"
"Ali Ajeti","Fillore","Sfeqël",,,,"1814e"
"Sheqë Mirovci","Fillore","Shtedim",,,,"1815e"
"Luigj Gurakuqi","Fillore","Batlavë",,,,"1816e"
"Shefki Kuleta","Fillore","Tërmavë",,,,"1817e"
"Zahir Pajaziti","Fillore","Orllan",,,,"1818e"
"Drita","Fillore","Majac",,,,"1819e"
"Lasgush Poradeci","Fillore","Dumnicë e Poshtme",,,,"1820e"
"Kadri Kadriu","Fillore","Dumnicë e Epërme",,,,"1821e"
"Ali Hadri","Fillore","Obranqë",,,,"1822e"
"Isa Boletini","Fillore","Podujevë",,"42.9063924","21.1935268","1824e"
"Zenel Hajdini","Fillore","Lupçi i Poshtëm",,,,"1827e"
"Rilindja","Fillore","Herticë",,,,"1828e"
"Ali Ajeti","Fillore","Ballofc",,,,"1829e"
"Azem Bejta","Fillore","Metehia",,,,"1830e"
"Jetullah Gashi","Fillore","Doberdoll",,,,"1831e"
"Kongresi i Manastirit","Fillore","Sibovc i Eperm",,,,"1832e"
"Hysniu e Samiu","Fillore","Letanc",,,,"1833e"
"Ilir Konushefci","Fillore","Lluge",,,,"1834e"
"Eqrem Qabej","Fillore","Burice",,,,"1835e"
"Jetullah Islami","Fillore","Dyz",,,,"1836e"
"Luigj Gurakuqi","Fillore","Gerdoc",,,,"1837e"
"Ali Ajeti","Fillore","Laldoc",,,,"1838e"
"Dituria","Fillore","Lalapashticë e Poshtme",,,,"1839e"
"Kadri Kadriu","Fillore","Llaushe",,,,"1840e"
"Ali Hadri","Fillore","Peran",,,,"1841e"
"Jahe Hasani","Fillore","Bervenik",,,,"1842e"
"Musli Dumoshi","Fillore","Dumosh",,,,"1843e"
"Azem Bejta","Fillore","Pakashtice e Epërme",,,,"1844e"
"Anton Çetta","E Mesme Teknike","Skenderaj","41000",,,"2101b"
"Ramiz Sadiku"," E Mesme","Skenderaj","41000",,,"2101x"
"Vëllezërit Frashëri","Shkolla","Çubrel","41000",,,"2102b"
"Emin Duraku","Shkolla","Likofc","41000",,,"2103b"
"Ismet Rrahmani","Shkolla","Aqarevë","41000",,,"2104b"
"Azem Bejta","Shkolla ","Prekaz i Epërm","41000",,,"2105b"
"Idriz Berani","Shkolla ","Klinë e Epërme","41000",,,"2106b"
"Hasan Prishtina","Shkolla ","Polac i Ri","41000",,,"2107b"
"Dëshmoret e Qiqavices","Shkolla ","Qirez","41000",,,"2108b"
"Krasaliq","Shkolla","Krasaliq","41000",,,"2109b"
"Skender Skenderi","Shkolla","Vojnik","41000",,,"2110b"
"Qendra Lokale për Komunitete","Qendra Lokale për Komunitete","Banjë","41000",,,"2111b"
"Migjeni","Shkolla ","Kladernicë","41000",,,"2112b"
"Ali Kelmendi","Shkolla ","Leqinë","41000",,,"2113b"
"Shote Galica","Shkolla ","Runik","41000",,,"2114b"
"Halit Geci","Shkolla ","Llaushë","41000",,,"2115b"
"Malush Ahmeti","Shkolla","Rezallë","41000",,,"2116b"
"Abedin Rexha","Shkolla","Turiçevc","41000",,,"2117b"
"Legjoni Spanjoll","Shkolla","Suhogerrle","41000",,,"2119b"
"Shote Galica","Shkolla","Suhogerrle","41000",,,"2120b"
"Kuvendi I Drenices","Shkolla","Abri e Poshtme","41000",,,"2121b"
" Elena Gjika","Fillore","Makermal","41000",,,"2122b"
"Skender Skenderi","Fillore","Izbice","41000",,,"2123b"
"Abedin Rexha","Fillore","Kopilic I Poshtem","41000",,,"2124b"
"Abedin Rexha","Fillore","Buroje","41000",,,"2125b"
"Vellezerit Frasheri","Fillore","Kotorr","41000",,,"2126b"
"Shkolla Fillore","Fillore","Ternac","41000",,,"2127b"
"Halit Geci","Fillore","Tushilje","41000",,,"2128b"
"Halit Geci","Fillore","Rakinice","41000",,,"2129b"
"Azem Bejta","Fillore","Prekaz I Ulte","41000",,,"2130b"
"Enver Haliti","Fillore","Lubavec","41000",,,"2131b"
"Deshmoret e Kombit","Fillore","Baksi","41000",,,"2132b"
"Naim Frashëri","Shkolla e Mesme","Shtime","72000","42.430083","21.0477559","2201e"
"Emin Duraku","Fillore","Shtime","72000","42.4361158","21.032085","2201x"
"Bajram Curri","Fillore","Petrovë","72000",,,"2202e"
"Skenderbeu","Fillore","Reçak","72000",,,"2203e"
"Lazgush Poradeci","Fillore","Muzeqine","72000",,,"2204e"
"Hasan Prishtina","Fillore","Godanc i Poshtëm","72000",,,"2206e"
"Abdullah Shabani","Fillore","Caralevë","72000",,,"2207e"
"Idriz Ajeti","Fillore","Pjetërshticë","72000",,,"2209e"
"Bajram Curri","Fillore","Topille","72000",,,"2210e"
"Idriz Ajeti","Fillore","Karaqice","72000",,,"2211e"
"Ish Qendra e Regjistrimit",,"Drajkovc",,,,"2301d"
"Staja Markovic","Fillore","Biti e Poshtmë","73000",,,"2302d"
"Staja Markovic","Fillore","Shtërpcë","73000",,,"2303d"
"Shtepia e Kultures","Qender","Sevce","73000",,,"2304d"
"Osman Mani","Fillore","Firajë","73000",,,"2305d"
"Sarski odred","Fillore","Jazhincë","73000",,,"2306d"
"Rajko Ursovic","Fillore","Gotovusha","73000",,,"2308d"
"Rasim Cokli","Fillore","Brod","73000",,,"2309d"
"Sarski odred","Fillore","Vrbeshtice","73000",,,"2310d"
"Jeta e Re","Shkoll e mesme","Suhareke","23000",,,"2401a"
"Gjergj Kastrioti",,"Sallagrazhde","23000",,,"2402a"
"Edit Durham",,"Mushtisht","23000",,,"2403a"
"Edit Durham",,"Maçitevë",,,,"2427a"
"Vëllezërit Frashëri","Fillore","Bukosh",,,,"2428a"
" Vaso Pashë Shkodrani","Fillore","Termi",,,,"2430a"
"Kuvendi i Lezhës","Shkolla e Mesme","Viti","61000","42.333333","21.366667","2601d"
"Januz Zejnullahu ","Shkolla e Mesme","Viti","61000","42.333333","21.366667","2601x"
"Ndre Mjeda","Shkolla Fillore","Debelldeh","61000","42.2608334","21.3983332","2602d"
"Dom Mikel Tarabulluzi","Shkolla Fillore","Stubëll e Epërme","61000","42.3225","21.463889","2603d"
"Ahmet Hajdari","Shkolla Fillore","Beguncë","61000","42.3036111","21.3874999","2604d"
"2 Korriku","Shkolla Fillore","Pozharan","61000","42.3658333","21.3402777","2605d"
"Safet Rexhepi","Shkolla Fillore","Zhiti","61000","43.0525001","21.0608332","2606d"
"Nijazi Rexhepi","Shkolla Fillore","Sllatinë e Epërme","61000","42.3605557","21.2963888","2607d"
"Ramiz Sadiku","Shkolla Fillore","Radivojc","61000","42.3808334","21.3919443","2608d"
"Kenan Halimi","Shkolla Fillore","Gjylekare","61000","42.3477779","21.4277778","2609d"
"Hasan Alia","Shkolla Fillore","Remnik","61000","42.36","21.442222","2610d"
"Zenel Hajdini","Shkolla Fillore","Vërban","61000","42.303889","21.276111","2611d"
"Mladen Markovic","Shkolla Fillore","Viti","61000","42.333333","21.366667","2616d"
"Ganimete Tërbeshi","Shkolla Fillore","Smirë","61000","42.2993","21.31816","2617d"
"7 Shtatori","Shkolla Fillore","Terpezë","61000","42.3975001","21.3427778","2620d"
"Ndre Mjeda","Shkolla Fillore","Kabash","61000","42.2716667","20.5541667","2621d"
"Ndre Mjeda","Shkolla Fillore","Binçë","61000","42.6794445","20.6008332","2622d"
"""Vellezerit Gervalla""","Shkolla Fillore","Lubishte","61000","42.2947222","21.4116667","2623d"
"Njazi Rexhepi","Shkolla Fillore","Terstenik","61000","42.6758333","20.4549999","2625d"
"2 Korriku","Shkolla Fillore","Ramjan","61000","42.3761136","21.3102774","2626d"
"2 Korriku","Shkolla Fillore","Sadovine e Jerlive","61000","42.3238891","21.2952779","2627d"
"Nazmi Pajaziti","Shkolla Fillore","Budrike e Eperme","61000","42.375","21.419167","2628d"
"Njazi Rexhepi","Shkolla Fillore","Sllatine e Poshtme","61000","42.3575","21.304722","2629d"
"Faik Konica","Shkolla Fillore","Drobeshi","61000","42.3166667","21.3361111","2630d"
"Zenel Hajdini","Shkolla Fillore","Gushice","61000","42.3080556","21.3025","2631d"
"Zenel Hajdini","Shkolla Fillore","Germove","61000","42.32","21.3152778","2632d"
"Marin Beçikemi","Shkolla","Vushtrri","42000",,,"2701b"
"Ali Kelmendi",,"Vushtrri","42000",,,"2702b"
"Naim Frashëri",,"Vushtrri","42000",,,"2702x"
"Azem Bejta",,"Dubofc","42000",,,"2703b"
"Mustafa Venhari",,"Vushtrri","42000",,,"2704b"
"Bejtullah Hyseni",,"Skromë","42000",,,"2705b"
"Abdyl Frashëri",,"Druar","42000",,,"2706b"
"Bajram Curri",,"Dumnicë e Epërme","42000",,,"2707b"
"Ali Kelmendi",,"Nedakofc","42000",,,"2708b"
"Emin Duraku",,"Novolan","42000",,,"2709b"
"Migjeni",,"Stanofc i Epërm","42000",,,"2710b"
"Gj. K. Skenderbeu",,"Pantinë","42000",,,"2711b"
"Lumni Surdulli",,"Samadrexhë","42000",,,"2712b"
"Enver Hadri",,"Smrekovnicë","42000",,,"2713b"
"Rilindja",,"Maxhunaj","42000",,,"2714b"
"21 Novembar",,"Gojbulë","42000",,,"2715b"
"Vuk Karadžic",,"Prelluzhë","42000",,,"2716b"
"Liria",,"Strofc","42000",,,"2717b"
"Sveti Sava",,"Gracë","42000",,,"2719b"
"Mustafë Shyti",,"Ashlan","42000",,,"2723b"
"21 Novembar","Fillore","Banjskë","42000",,,"2724b"
"Liria","Fillore","Zhilivode","42000",,,"2725b"
"Mustaf Venhari","Fillore","Sllatine","42000",,,"2726b"
"Bahri Kuqi","Fillore","Shtitarice","42000",,,"2727b"
"Jovan Cvijic","Shkolla ","Zubin Potok","40650",,,"2802b"
"Jovan Cvijic ","Fillore","Crepulë ","40650",,,"2803b "
"Petar Kocic ","Fillore","Bubë ","40650",,,"2804b "
"Petar Kocic ","Fillore","Lluqkarekë ","40650",,,"2805b "
"Petar Kocic ","Fillore","Bërnjakë ","40650",,,"2806b "
"Blagoje Radic ","Fillore","Zupç ","40650",,,"2808b "
"Shkolla Fillore ","Fillore","Caber ","40650",,,"2809b "
"Shtëpi Private pronar - Dragoljo Dobric ","Qender","Oklac ","40650",,,"2810b "
"Jovan Cvijic ","Fillore","Velje Breg ","40650",,,"2813b "
"Jovan Cvijic ","Fillore","Ceceva ","40650",,,"2814b "
"Shtëpi Private? ","Qender","Ugljar ","40650",,,"2815b "
"Shtëpi Private? ","Qender","Donji Jesenovik ","40650",,,"2816b "
"Vuk Karadžic","Fillore","Zveçan","430000",,,"2901b"
"Isa Boletini","Fillore","Boletin","430000","42.9355561","20.8572219","2910b"
"Banovic Strahinja","Fillore","Banjskë","430000","42.9733331","20.780833","2912b"
"Sveti Sava","Fillore","Zherovnicë","430000","42.9319445","20.8066666","2913b"
"Restaurant - pronar Radoje Milosavljevic","Qender","Sërboveci","430000","42.9522221","20.8383329","2914b"
"Vuk Karadžic","Fillore","Graboc","430000","42.933611","20.840278","2915b"
"Beqir Gashi",,"Mleqane",,,,"3001a"
"Bajram Curri",,"Llashkadrenoc","24000",,,"3008a"
"Hasan Prishtina",,"Terpeze","24000",,,"3012a"
"Asim Vokshi",,"Panorc","24000",,,"3013a"
"Rifat Berisha",,"Fshati i Ri","24000",,,"3014a"
"Ibrahim Mazreku","Fillore","Malisheve","24000",,,"3016a"
"Vesel Pagarusha",,"Pagarushe","24000",,,"3017a"
"Ganimete Terbeshi",,"Astrzub","24000",,,"3018a"
"Ramadan Morina",,"Damanek","24000",,,"3019a"
"Migjeni",,"Lubizhde","24000",,,"3020a"
"Ismail Qemajli",,"Bellanice","24000",,,"3028a"
"Deshmoret e Kombit",,"Guncat","24000",,,"3029a"
"Gjergj Fishta",,"Seniku","24000",,,"3030a"
"Afrim Buqaj",,"Lladroc","24000",,,"3031a"
"Naim Frasheri",,"Banje","24000",,,"3032a"
"Shkëndija","Shkolla","Shkozë",,,,"3033a"
"Lasgush Poradeci","Fillore","Kievë",,,,"3034a"
"Gjergj Kastrioti","Fillore","Llazica",,,,"3035a"
"Hilmi Hoti","Fillore","Carraluka",,,,"3036a"
"Petro Nino Luarasi","Fillore","Lapceva",,,,"3037a"
"Eqrem Cabej","Fillore","Carravranë",,,,"3038a"
"28 Nëntori","Fillore","Kravasari",,,,"3039a"
"Emin Duraku","Fillore","Dragobil",,,,"3040a"
"Ismail Qemali","Fillore","Temeqine",,,,"3041a"
"Deshmoret e fshati","Fillore","Bubavec",,,,"3042a"
"Tafil Kelmendi","Fillore","Balinca",,,,"3043a"
"Kataz Ramadani","Fillore","Golluboc",,,,"3044a"
"Dafrim Krasniqi","Fillore","Ladrovici",,,,"3045a"
"Fehmi Agani","Fillore","Turjake",,,,"3046a"
"Edmond Hoxha",,"Junik",,,,"3101c"
"Haxhi Ymer Lytfi","Shkolla Fillore","Mamushë",,,,"3201a"
"ish Qendra për Komunitete e OSBEse",,"Ropotove e Madhe",,,,"3501d"
"Shtëpia e Kulturës ","Qender","Ranillug ",,,,"3502d "
"Shtëpia e Kulturës ","Qender","Domoroci ",,,,"3503d "
"Ilaz Thaçi","Fillore","Hani i Elezit","71510",,,"3301d"
"Kështjella e Diturisë","Fillore","Palaj","71510",,,"3302d"
"Veli Ballazhi","Fillore","Gorancë","71510",,,"3303d"
"Ilaz Thaçi","Fillore","Seçishte","71510",,,"3304d"
"Kralj Milutin","Shkolla","Graqanice","10500",,,"3401E"
"Mildain Mitiq","E Mesme","Llaplasele","10500",,,"3402E"
"Aca Maroviq","E Mesme","Batushe","10500",,,"3403E"
"Vuk Karadziq","E Mesme","Uglare","10500",,,"3404E"
"Knez Lazar","E Mesme","Gushterice e Ulet","10500",,,"3405E"
"Vuk Karadziq","E Mesme","Lepi","10500",,,"3406E"
"Mjekesia","E Mesme","Cagllavice","10500",,,"3412E"
"Qendra e regjistrimit civil","Qender","Graqanice","10500",,,"3413E"
"Shtepi private","Qender","Cagllavice","10500",,,"3414E"
"Shtepija e kultures","Qender","Kishnice","10500",,,"3415E"
"Dositej Obradovic","Fillore","Partesh",,,,"3601d"
"Shtëpia e Kultures",,"Partesh",,,,"3602d"
"Miladin Popovic","Fillore","Partesh",,,,"3603d"
"Sveti Sava","Fillore","Kllokot","61050",,,"3701d"
"Gjon Sereqi",,"Mogille","61050",,,"3702d"
"Gjon Sereqi",,"Verboc","61050",,,"3703d"
"Gjon Sereqi","Fillore","Mogille","61050",,,"3704d"
"Banja Termike e Kllokotit","Qender","Kllokot","61050",,,"3705d"
"Migjeni",,"Gjinoc","23000",,,"2406a"
"Skender Luarasi",,"Suhareke","23000",,,"2407a"
"Deshmoret e Kombit",,"Vraniq","23000",,,"2408a"
"Shkendija",,"Reqan","23000",,,"2409a"
"Naum Veqilharxhi",,"Mohlan","23000",,,"2410a"
"Lidhja e Prizrenit",,"Budakove","23000",,,"2411a"
"11 Marsi",,"Sopije","23000",,,"2412a"
"V.P. Shkodrani",,"Leshan","23000",,,"2413a"
"Flamuri i Arbrit",,"Reshtan","23000",,,"2414a"
"Kongresi i Manastirit",,"Neperbishte","23000",,,"2415a"
"Kongresi i Manastirit",,"Studenqan","23000",,,"2416a"
"Dituria",,"Samadrazhe","23000",,,"2417a"
"28 Nentori",,"Doberdolan","23000",,,"2418a"
"Bajram Curri",,"Nishor",,,,"2419a"
"Hasan Prishtina",,"Semetishtë",,,,"2420a"
"Dëshmorët e Tivarit",,"Peqan",,,,"2421a"
"Dëshmorët e Tivarit",,"Sllapuzhan",,,,"2422a"
"Sadri Dula",,"Duhël",,,,"2423a"
"Sadri Dula",,"Grejqefc",,,,"2424a"
"Ramë Bllaca",,"Bllacë",,,,"2425a"
"Ramë Bllaca",,"Javori",,,,"2426a"
